{	// Title screen
	//  -> First ID is S&K version, second is S3 version
	"25": { "File": "ttscreen.ogg", "Type": "Jingle" },
	"25_sonic3": { "File": "ttscreen.ogg", "Type": "Jingle" },

// Data Select menu
	"2F": { "File": "saveselect.ogg", "Type": "Music", "LoopStart": "0" },

	// Competition Mode menu
	"2D": { "File": "comp.ogg", "Type": "Music", "LoopStart": "0" },

	// Unused track
	"2E_proto": { "File": "pisscolor.ogg", "Type": "Music", "LoopStart": "0" },

	// Mini-boss
	//  -> First ID is S&K version, second is S3 version
	"18": { "File": "fateggman32.ogg", "Type": "Music", "LoopStart": "0" },
	"2E_sonic3": { "File": "fateggman32.ogg", "Type": "Music", "LoopStart": "0" },

	// Main boss
	"19": { "File": "nvmrealeggman.ogg", "Type": "Music", "LoopStart": "0" },


	// Invincibility theme
	//  -> First ID is S&K version, second is S3 version
	"2C": { "File": "invisible.ogg", "Type": "Music", "LoopStart": "0" },
	"2C_sonic3": { "File": "invisible.ogg", "Type": "Music", "LoopStart": "0" },

	// Continue Screen
	"28": { "File": "congin.ogg", "Type": "Music", "LoopStart": "0" },

	// Level results jingle
	"29": { "File": "airconditioner.ogg", "Type": "Jingle", "ClearMusic": "1" },


	// Knuckles' Theme
	//  -> First ID is S&K version, second is S3 version
	"1F": { "File": "FUCKLESSS.ogg", "Type": "Music", "LoopStart": "0" },
	"1F_sonic3": { "File": "FUCKLESSS.ogg", "Type": "Music", "LoopStart": "0" },

	// Final Boss
	"30": { "File": "vexn.ogg", "Type": "Music", "LoopStart": "0" },

	// Blue Spheres special stage
	//  -> This requires a music file including music speedup every 30 seconds
	//  -> The second ID requires a music file including music speedup every 45 seconds, which is used for the randomly generated stages
	"1C_speedup": { "File": "spec.ogg", "Type": "Music", "LoopStart": "0" },
	"1C_speedup45":	{ "File": "spec.ogg", "Type": "Music", "LoopStart": "0" },

}